"seller","name","washVolumeUSDC","totalSellerVolumeUSDC","authenticatedReferences","transactions","proofId","stageTransaction","finalizeTransaction"
"0x0329c5D3920E301740f78D6E17B8d1a11ccA9B2C","Flash","46341.556102","48995.164849","41624","55","0x40a2747dd42e8b150480f97bbe90d31c8f707509e1fe9237343cd29013868958","0xb382d8be64aa3aff86837c96b2d52591a84ab2f3a463fa100952bf138c496491","0xf5df10f0db3b8ed0399702d983cab554d834d88350456e573aebee9902672c59"
"0x05322Ba8E1ae2c134D4BF20bBd21B435aE6cd098","Agent 53641","225.700000","225.700000","4795","8","0xfe4e79d0ba4213aed1ca2464a1c193721f62d9225cb893af28bf43cfba30825a","0x5b2f91b8eb6b893c5b702bffa9da40f13ed8512215a621e821a4836b3da95f77","0x294ca129ca386ea751fe227b279eddeb04049e1398502b7683eeecfb348494c8"
"0x087800d22b7dA6DCfeF347F1DAC6A9E6B7493e9E","Agent 53645","101.900000","101.900000","2136","5","0xf58dfc37b6f71864801019b04735c98164de5f1b353ed3b47dacc42cd5eb02e8","0xdfacf7974cb6c9aad3231e0512d8022a6c96e9567c26b82dfdacb5533be1155e","0xd7e170dd232b0a52fb11507d81fb798bf169a54f2d1f8f53fa47a74c33577f21"
"0x0EcbDe32e1DC6c3FB8AAda176CEa7954316e9696","Agent 53781","389.000000","389.000000","8093","13","0xdd2c529f9a7c21305f942802024495c8d98da1058646eb2ddaa6892376464f8d","0xb642e0a412a6c15d0890a911101c31c8926358e0af550d44a92a787829011016","0xba4ff7c7600fe1563b09122966df8375f121de6a8c7295d1958a973fac6853ce"
"0x17cca44Fd5C8D5A2e28b9645Ec9977d46537C89B","Agent 53617","488.800000","488.800000","10334","15","0xc15250037b08d40cb078ee31bee09ff436cdf58abcecc0c3dccf24da644e1228","0x73e8c87ebaf03df7e4c13f958efc5a4c3ae1762ca166c14b8d323e9ecd77a829","0xd5e43e273087b3dd86218cc193b93c89e14fedcb8c74abdabefe06d05fab3b61"
"0x1982Cb91d172e4064Ea0eB65085234fCd9F2a40f","Agent 53609","237.400000","237.400000","4994","9","0xaf2f589f574d87da2a72ebf90d74ea9c826ae990b779ef743b442c6601bef777","0xfdd6225b41bb091c5e927c9cee0db9d40f79cd9e756931b23ba03c204fb37519","0xf0a43f108680f3cab70140a11ba6e5e3dca9be374126349ad8b41e144bd12d87"
"0x1B46B5Ed9512dc2ad4c4a3d9EC89AEbe4deE3631","Agent 53626","557.300000","557.300000","11773","17","0x01f9c60f16f031f1a5a88e2cc1e4501378efb4041c052b502336702a83912c20","0x5ae3d8670362ccedca4acf44287f452ce650c154684a5ed1b8e9667974b0a2db","0x497fb8556f91280f1535a6a3bbee54ec0207c12287f41f6e51eda5f0878f8b9c"
"0x1C98Fa01dcc641E431346bE0767bC7344e889761","Agent 53782","389.900000","389.900000","8093","13","0x63b3142e2a43452b92a7e13c101bee7f3dddcb59d8b3dda9ac907e8083ebb9e1","0x791d58037083b7664159c67d7374ccc1589892e8030f1ff237dbaa6562364482","0xfbb6a7a1a8a65a7255e2d1a44bd2501bc7f69ae6102f938629bb52d9bc5be32e"
"0x1f761c8D047C73e4de85F07F54b5EF4F01D8E3D0","Agent 53796","434.000000","434.000000","9375","14","0x00330873e2a2e1515802f801b394439151d798addcd7ae46b96f74eefe4052db","0xd206d7d155d693b130479ea0c28d9198d0d721538c9149559c4fa6f0a6462052","0x7360181641f24723842a9fdeb97e4b433229438b83d602f10723b7b7ca450f43"
"0x20E7fB440a5ad18F7b9BAE09AE51E806cdE38B25","Agent 53906","127.300000","127.300000","2663","6","0x173fd1322906961228252d42af7f40e015e4eb8a779953cf25d8095ae4a22480","0x024af2018963a334a24f408898e304045892e1c026f1cfd7fecd02632d576a30","0xe53d1a55af2a2ef0f2e32d19ca57fa95b2b752203f9ac4895daf6cfabcbaa4ba"
"0x22564606c08E09beF5d8AdDEdefD4c2491A34ee9","Agent 51303","10.200000","10.200000","202","3","0x4b6824f7b6c504d8f26073093f55b78e6231fe49710b6460cf9eda4b7cd7a12b","0x7705fd8f9203a312622fdf2f5b1dc04cc2a58a3915e0bdde7a2f2b48541b3f0b","0x5dbe98da4ef9a5fa8699a27cd6d672a06aabae86cc6b4caf148223b042cdca29"
"0x22a856f3AA4080B0EAEEBFD7DCA97C93b1618E80","Agent 51196","10.200000","10.200000","202","3","0x016ba7e6a16a7e649b027cf74dc2d5479c445dabdb6dd9790be47276ac5a0db4","0x851f8e541fb352120154f64eb8da41cd7002eaae6e68835025b518af5b1afdbe","0x893f3c7423eb747e1f3d48e5100284318cd2931d8ca6e96c853bebfe1f3ecb6e"
"0x3639a405BD9A7F943B069E68E70DAd28A9583Bbc","Agent 53604","277.500000","277.500000","5872","10","0x5a0ae655b2f5ef0063b30cd5b0a57e2b44dfc1fb82b8bad4491466e40ded577e","0x7f18bf0368ecbaada50df8f94b2f65ae260582ccd9d4cbbdfb150bcec85630b2","0x96f37d01e4552e73a47da8af055ffff22a6ca2ec42f0fd49bcf9089ac3e8813e"
"0x3a59C0058d6f4D75887aADf6812855a75B9eF1fD","Prompt-Forge","11156.194466","11605.934345","10277","15","0x9fba2f3541284f4774ab9857ab05878cbe06562687c7fabaed5ff83bda52536c","0x8351315d85d986c7e99dfd2f0ba359a971f429357664530e856ae3318b326bc0","0x690d907cc3f17a110a41536848d1cb556e990aacab945950284068a64c9f4616"
"0x3AE220b8c315111111249A52296AEB1DD69F972d","Agent 53613","19.200000","19.200000","416","3","0xbd0668fa0bfd0f0ca24cc732c17f354c1f6c43e96ac9e22f06fdb929cd32a075","0x303e27b1812733c5ce1904b3f8ea5c2c9d5f1dbf136abf8a5ad0ed6380f4fdbd","0x80bde0f431bd4d7d5ce0f8fbcd57af0f14fd4bb1acd7f12d9f89938e37187ca0"
"0x3c5baBFB591d405625dffda1635Ea4F077d64838","Agent 53642","225.600000","225.600000","4795","8","0x2ac24e3370b60793195dcbd96f22e32ca3e2465c661987d927793542e03371f7","0x309c5fe670b49d65b9352ca2f8db2ab2c6af76cc757e4ccf5c5eaf490d8af078","0x4058ea1a37b4aca7911df82ec88f37ef1d01630b3e686886afc7280efdab8801"
"0x3FDB59A36204F0792D3D051ef4a26B7Bc5160ec7","Agent 53633","225.000000","225.000000","4754","8","0x116f85b359ac0b7e98a923cd72cd82a31361a66d391ed96c0fef6637990036ea","0x4b70728586d5fdd097332e3923c88e32baabe89ea31703a411b76de7e2313c00","0x4cc6a2b366e2f253151a329cd5b98dd9c83f059f1fd476dfcf11416ae64d2de4"
"0x40485259C7DD469f171d0789fB6597C07E32bE0E","Agent 53674","179.600000","179.600000","3770","7","0xfa04f8f74e2edfdb67b575c4bb53e7202d8c81e6e658fb117389413bf7d3fde6","0x19a7d27259e5217d7a0a91eae20a8313bf00b949f2a0250d05349b53d51c9861","0x70152352fff6094f1eadd5180be06ea748328af4f7f60dfea121d74bb94c6356"
"0x40f158cC85F06F272C704822E39943ef1dc168Ae","Agent 53619","340.200000","340.200000","7041","11","0x0fe36397b4f9980f5c8439569c3d8d3d92113dd2bc17578e78d208c2dc4e78fc","0x1d791e31efce791f3db8a63affe4e0afc22e377857c8027b4690071ce9ba299d","0xc81cbc9275ff53ce69a2a47808faffd5255b27a55c62130ddc4850de475e5672"
"0x41A609Faf354500F5e4af4501b05f045bf0de985","ClaudeNode","2469.402792","2489.462822","3488","7","0xe46fdb3b7014c0228f267c2692a9b2d552f8716dd090f2c8cb96659d074d8f82","0x5890e50486289a651967413f37fa29fdfbde33180aaf0b4d29f739a9947d70be","0x90c6d7111b7f4cba8dbfb08969104677fe025f1db0e8828cb4e6390866ca3712"
"0x422c3FAacDEDfd0DEA33705EA0000008F9A02e48","Agent 53611","20.500000","20.500000","416","3","0xd993013a7deb7ea90e91453395e293f7448fe4d8331d8879aefdb0492014270f","0x0f8471ed280bf40541651d5d3f9a2c48762f73b4079c4db26a7072c512d744c4","0x4791a4ba4ed6552e525ecacf613e0f4319de579243b9a67ab1ea3564bbadc564"
"0x4581213A7A271c2424427Fe4a991DD5Ed7f65492","Agent 53673","179.500000","179.500000","3770","7","0x8e0482f3f2421c143829908c536b4d63e5974319eb0c666e130251da38b96f61","0x1ddc7c39e3cf2e8822cbc06f842c663c673a0b18d8f888c8ca82133ff2adfb23","0x0f6bbff4a7f88af1914db6be4b0f6a4e2b2ada6b5ac38c93ddcdbf23fa2b2c6f"
"0x4Cf31b431F7559400DCd1269a787Dd55D291CA49","Agent 53612","37.500000","37.500000","790","3","0x4da6018aebfaca57536477163c71ba8cde7cb2c5746bde473e17cac6ba3abab6","0xc50ee25d427357063f604ec86e0154b2ebe3dc1078955ebfc71b828e4e5e7670","0x55f67212d7feca4f7c3724e081e496d37d396909b84e20fb50c7a2ea90d68c4e"
"0x5B281ff194F7Fd3F68e9379a7D433C752013024f","Agent 53643","224.300000","224.300000","4754","8","0x344c2ca818209e6b5c56a963fa96bbec60734f7b4d80ba43d236b4ba87a475dc","0xc9c1ab63385d97cd14e7f159d1b0d1d6c0a82e44f9c9d52e9ede14fd3d79f232","0x4882c2458cd4976dcd82bb2c09ae307db143d7ee4ca9c42905f6274a1156f4ec"
"0x69F915d18AB913F0C86913a94c353b46a5E7bAA4","Agent 53629","244.600000","244.600000","5122","9","0x4e45ddbaad17b67c78aa68bce1dc1434af80e1b4fba34b62d4c1dd0966c72e49","0x1f15a05e34d8ee9a2b8654f2221ea197c159786e1d6304cd1046049677b0f13f","0x00e47d581d43d21bb8c1c3be41700b6790377c53b254f37d06b080474b0111ab"
"0x6CeDCd162Ce26Ea07Df8562bE548FD0597526454","Agent 53646","101.900000","101.900000","2136","5","0x2ffd7dd32fab2b30994e9be622c8ebd523552ded8df101e2f6c7e40e62e94d2c","0x697a7618488d153e3be3b1e3dcde5d14f81cbb8ea443d14ce7321f58a30c6ddd","0xf9398c0bafb426d167ae42bfde97f8276550730ffb3cde88d7be71cc0ec01cd0"
"0x6F9B9E63D3F776D359eb2FB0a82D12EE496FbEFE","StrataCode","3921.597042","14512.873336","6198","10","0xe36534a69754ad3b610048afaa24ff9b443c505f6d9283f21211d50ac88f6eae","0xd64da1ccf8e4df6e41e478498e4303170b6cf5f0d083ede8ec9a40c18e90bc45","0x33c17047055373941311ae952d59a0525dbb900cb156ffe5cc7c51a2bf62d533"
"0x74d4Ca0dCB2D9140dA86Dbf7Bbe97eEf7d4f2F72","InferenceLab","4687.961620","12012.656168","7232","12","0xab4ff1e2d7839bd0924d811e7c45039c85cb547816f35c0f4f9e91308bec80db","0xbb61c315c6293ba8f1100ddbf67554737d5a952b995f08ae51c0877e9cecc4aa","0xa6fdc0c73cb95dc4e428e1564581d6c6e6d4019eb58df1d74360a6294155c071"
"0x7877Aa0C29f7c80A9a46BFD9c05dAc8126471FF2","antseed-violet-wren-1ff2","44.000000","46.795968","790","3","0x2ce1f1beb7e8f8d48b12b5fdfd84d3c9d2f8ca2c0ed95db38f1c0a5ef93c429d","0xf01f94609a162ddba661435bb5372475e7a59471739255bdb46814afa3806e06","0xd34bc1954cf3137495524bbb85efc4a0d9cfc6fbaad7cba142a447438e623fce"
"0x7aDBe9474e067376DA5Dea2F757Ea3eaA60DC915","Argus AI","7307.835420","11646.564164","7692","12","0x56198ec90249b7c125e4c64faced765749b00d5bc067be7b6552f68e92914b0e","0x0f024491059b7925cb5ba35534df3e0cc87267113c64c2b5def8ada4fa5a428c","0x271e369736d2eebf3a6969bab25e61b00c1b9cf373f02f74082251acd51a56c7"
"0x83e57cbffc0d789F57C6ae0B0326385ad715C00F","Agent 53640","222.600000","222.600000","4732","8","0x394aa0ab71f6f3b89e84ae941f818f44ebc7f0a615e3bd7b30af14a1a48e2716","0x7648f0d1f4b5e8af4a1203da2e2957eec21a45a7a3001bd054ba070ef2d3abec","0xeadca9fbfce16b85fd0358bb33d73a92a3a024dcc38f04ab52acdc81caa846db"
"0x85f64F9736AEB122E387779A80c5257Ad43Ba834","Agent 53620","340.300000","340.300000","7041","11","0x175786ad170131406f1b24a9f5bf43fc4237ec977e050574315e18e422bcafe2","0x7dc91dd146ab9c5fc0c14120d43bde85e4625e382d8ddd5aaf57da2a1d209208","0x68a4ee3c98f1d55e3838a38e98fadec81241dcd3445d8d3a78c1e69e1ed928c8"
"0x89118d485aAb2f427BF4d9A44b09275222b1e4b3","Agent 53662","211.500000","211.500000","4461","8","0x81d4f20a02c5118f34bb5dc4fbcd35d2cfe35e711fa8f4c3890247267f4f83c6","0xea547d0f1f4c30828754120f38c252978b4ca83387c347d17883ec558abe0174","0x78f6bf195ff89b8bf46fe44af3d527938fb6494aec1187bf50e87c5bf191560d"
"0x8923A4bE978521e078e72B92077d59FE2C4DeAc8","Agent 53603","283.100000","283.100000","5872","10","0xb4bd04e0eef67e6f8bbeffca6ba9d37aa45b32cb9e1ecddf87c674a400fd2e4d","0x3e552fc89fb004857a3faa4d893e158ad781a6666a87cafe691b4db6766335d8","0x1ec3d4ec7e9ffe2f7c104933ad8c1a6994f06d465206404a813caf20b5636ee8"
"0x8c0BE23fBf68D6C317ADDaFd59b1Dfb42ea6806b","Agent 53905","127.300000","127.300000","2663","6","0xbf59ec8a9e844bc818209ab281b43d94aa11ddbe8f8f0234d58bf8ad2e86525c","0xf9e096ab759b624c428b48a7a70a050f10dc3a4886292371f50ed0e9528a1f6c","0xede9069082a7343fb9ad584a9609fed7ea55df317b538c9c793729a089c1546d"
"0x8D9DDB7ae530FdE5C6c811CEdd893B8028FE41f4","Agent 53615","218.500000","218.500000","4653","8","0x745a3a68324dfed62de29d37c745c474a78241c4798fea74d62b0fd0d31dd9fe","0xdb013bac7cc889cbfc2dc5126d7ba04d1c5af15608b7f6ae0975286340f212d0","0x996cfd1a08ab8d5ab53e75977a17c6d74984664aca2449d11eadf76df34da879"
"0x8Fb7289428D6B3e3F253294c14D1BFAeA7D6c05b","Agent 53644","224.200000","224.200000","4754","8","0xfb3024d2f48044687b24ab70db19c5c35de46a426f8902350bfdf1b6d59ccb0e","0xe7b338ebca5a0ebb3739a924b59d0a5a8499bf0f1e1735f0348e810e2b6e5171","0x7b35cd783cbcd44e7fe6c634a48defb4ef2510a01564fe14c4e77199e02b5274"
"0x918E2DBcC1243101d6fa212d0c75B30Ec4626bf9","Agent 53661","211.500000","211.500000","4461","8","0xc6c079b02c860a4c84576d80103fa70ffdb254feed76d670b3852f34d6115686","0x1447fb41ea98d159fc3cb18b5e780073eab90ffdf02e502553cc016f88e93032","0xbd777fb4dac89ed2230a72a306fa76f6d5303bef265dc5088c91e593a21ff8c9"
"0x94c3F5af394542CFA123F32e17a7a25FeeeD6758","NoaxAI","9781.569372","10258.688713","9412","14","0x4dc1e1dfdc004aaab7891226222d729a8476b7c589c5117abd248067c37a0ccf","0xc07923b93b28695bf2a5cb894d7490a4ec5ebcafd13939f899b75a081d24050a","0x4cedff4fcd649534a2842bff394d33fd5d0bd66334403539d6a9312c9c8e974f"
"0x97A19F462f880c2cfb768dEA465dc1a0EB08aD33","Agent 53623","326.500000","326.500000","6832","11","0x1b3c0fcb9be08e6755cb70bde72a9179b509b98813bd50f1fdcd2b481e3f93f0","0x8b759ebc0e2fa2934ed2d66d04fd9b2b1a11af81eae76eeb4dcb5088812a2a44","0xd530b088eff4b295650449cc0f1f238051deb63984ef082e9945dceb8b1a1a74"
"0xA06fDA7beB9800a442C7f14E27b5B6fB2AB3a89E","GPU-Garden","4511.325039","12720.282591","6598","11","0xe20ede37192111391901cfd43a6a5b8f7e6c70aea5b8372d9492cd0337d4e7a0","0x92a47ca1729f6c1339284cc3187ca63f5d44452a6a22c6d3921ad0afe5dd27a6","0xb1541b2a258c95e19493391d73f5d8c38dcdcb6ff104d0271a5e1a8f9a4821d8"
"0xb629449e487740C5fb86D7C4dDD51709D692DAb4","CatGPT","38292.186064","40362.999991","55286","72","0x5d469f63518ce7cac2a97975ed7fcc945d4aa8a2495abd9ccb5cd055b6be2941","0x00448fddce32057610490e4d1f127b52e2a1772a175ac6adfbdc11b1644ec4c9","0xbeb9577b4a96edd453869d585671957f16503f3832aa9af0db2e42b1bcaceeb9"
"0xB65DE8dD31d0967A19c7e9f398fc8A4cC3060aBf","Agent 53610","239.600000","239.600000","4994","9","0x9c3207ffa0f64af01450ddea738e0ca0bcfdc7b02ba6a645598cb95835d60f2f","0xa93ab54877a089027622ae7e9cac903d4cb46163f788725753f907d0f548f5ca","0xdd4cdf120fe3d44a557b01716c8dc5503865e406cd2ef76b206b538fcb9cefbe"
"0xB88BcDa463f6522D5406b935559F09B826CDC17c","Agent 53618","494.000000","494.000000","10334","15","0xd789dc6d5977b74970f1abe049ea38ed73291271c6435c38e7b7600384d8ab8d","0x336d54f16e1af9f0624d4ce4961a447c25ca1e85f1bd62fc7e2daad32e8d4301","0x7bcfd3868a3f5b59eb15cfcfd650f057e2dcdae1119b4fd1bce932d189c93d62"
"0xbD0Cd45b7b486f312460e657701350FAb953A3D2","TokenShop","5131.629830","11639.713190","8903","14","0xc689f4a717db5efdcd8bb61e0d0565d39b828169241fa54eef00700290c89871","0x24383e43296e7170efaa9abce388fe42893541d503e79131142033e31f5ca4cd","0x73ddbfa049555da7b907cdea58d1547d5b38ccb750bea2045c7647ab2c0f81ef"
"0xc70734320044e6A7934d97b58eAa2Df7d102b0F0","Agent 53639","223.300000","223.300000","4732","8","0x69941c5b0997753eeec511c542c17c3b8bceeb7c146f90f1df4c1864f54ccafc","0xe36d4d07f9e9e57d0dcc4a09881ae3381f54d2e663df4b2383b0150c1505ecd8","0x4fb3e72603519053495d3dc9af8530f6d44bda06d73ec6bbba86d3599f23f093"
"0xc7E303a65f454c1aC3bd2a88e95e7fa5f6A6946A","Agent 53625","560.100000","560.100000","11773","17","0x3a5abb2bf6055acaa3ca7b2c1d3a3c5dfd7d846c0e14690ab167b4aca59a581d","0x9d439068dbc015a7b9f68141821a910068db68446f2d17c07c7ca529f19bf5e9","0x8e0c35e68c1378ab2a17bc799f814c85deccc0add71c7a5bde4e02b8300083a1"
"0xC92bC8C21A66B5B10FbfDbEA8bE56b8FeE51d0AB","Agent 53628","244.400000","244.400000","5122","9","0xa87ef8328a84c2f4ff11ba0e8a397f1a7bbcdd4475c2abe366e909e3cb363281","0xad492d6ce88af000e0164927e7f4c23daeb46284725d13257300b0daa68b8c6d","0x372452d393ed828feb86082d385d791f07a0c467777dc5a36c35a0b62bafa37a"
"0xC9cd64754B9c273522012526da15Fee8520A772b","Agent 53795","428.200000","428.200000","9375","14","0xeb95769a2b3156d19e191f0c384d642f52f75b876f60a4e02fdf9fb1b4802906","0x2b8512b109ede3633975eaedcd171a0d60a9847b1b9708314a3795f0d612a000","0x9ac5226d127c6594e4f43a758fe1594ebd5c7226a673d0abeff4d6b55743a81c"
"0xCccF2236260BFD0D65Abc011563b4796B2040366","Agent 53621","330.600000","330.600000","6775","11","0xb7bb22747ea8ac9dd08533e52a556b26e980b55a7ae9e807b842740abafa4590","0xc4ef05e89191454cec6aca4e3e7ef53d5661fddc3bf0ecc8731ecd3905a8a5eb","0xf986159929019f9e0f270196e8e87926786bee1cb20c9c5ffeddcc9afce1e40b"
"0xd63409b6520B114D4666D8568e925653EAe66A30","Agent 53622","330.500000","330.500000","6775","11","0x92d108f5aa30bc8c66f678453a176c61a8d294e937e1bf80d32229f21ab8ba78","0x396ff40a166d75fa35add12ec1f40a76851c39c7f35d14e070f71ac00363923b","0x8e51bcea2fb6cc738b72f13fa43676a1c31f8179a0874ae9aa5756dd217470f2"
"0xdA96465C5FF412bb13A9B919A3247A681F7528f0","surplus-provider","2427.239551","3294.542631","3644","7","0xc305b072b4c4d05b0a9e09bd5ed91d9c0630ea8548c4befa4a46fc850b42cdfb","0xb7eba3d6a4a2bc202688c5978ca14fb444283be7021349c953a03af0a7f397b7","0xa74e88eec5b42cf047adc9614cdaa9802f8fbdf13110f632e85762dd0877504e"
"0xe93D3458f07A4D3F93F321a234D55Cf084a679af","Agent 53634","225.100000","225.100000","4754","8","0x29ac3def41e4c1e079f89096027e9484dfccc92970e737b353d661c6025ee33c","0x3cf7101b7a84f7d1ba5205f0116908c33baa046f3760917d84e0b23efdcccb1b","0x657bd81d1255774d9ba654647f5bc4fa47c5ac58959f73116ef8a7d67a65d47c"
"0xEA8859617ffEf68890b92b2df480458cd7a6581c","Agent 53624","331.800000","331.800000","6832","11","0xd4bedc2fb4d083259a031c55a9f6c84f097359e1475affd1127e2179b0f6cb7a","0x166fba8cdf56fb9d5775815321819b94cc3b94feae4f324f09c2390881a3b870","0xc787b1125e812861473bf3cff38fb890cfe4d28563b4f1be8453d74003958f35"
